<?xml version="1.0" encoding="UTF-8"?>
<Configuration status="INFO">
  <Appenders>
    <Console name="LogToConsole" target="SYSTEM_OUT">
      <PatternLayout>
       <pattern>"%d -%c [%M] -(%p)%m %n</pattern>
       </PatternLayout>
    </Console>
    <file name="LogToFile" fileName="logs/myapp.log">
    <PatternLayout>
       <pattern>"%d -%c [%M] -(%p)%m %n</pattern>
       </PatternLayout>
    </file>
  </Appenders>
  <Loggers>
    <Root level="trace">
      <AppenderRef ref="LogToConsole"/>
      <AppenderRef ref="LogToFile"/>
    </Root>
  </Loggers>
</Configuration>

